users u,badges b#b.UserId=u.Id
badges b,comments c,users u#b.UserId=u.Id,c.UserId=u.Id
postHistory ph,comments c,users u#ph.UserId=u.Id,c.UserId=u.Id
votes v,comments c,users u#v.UserId=u.Id,c.UserId=u.Id
posts p,badges b,users u#p.OwnerUserId=u.Id,b.UserId=u.Id
posts p,comments c,users u#p.OwnerUserId=u.Id,c.UserId=u.Id
postLinks pl,posts p#p.Id=pl.PostId
postLinks pl,comments c,posts p,users u#p.OwnerUserId=u.Id,p.Id=pl.PostId,c.UserId=u.Id
posts p,comments c#p.Id=c.PostId
postHistory ph,comments c,posts p#p.Id=ph.PostId,p.Id=c.PostId
postHistory ph,posts p#p.Id=ph.PostId
posts p,comments c,users u#c.UserId=u.Id,u.Id=p.OwnerUserId
users u,comments c#c.UserId=u.Id
users u,posts p#u.Id=p.OwnerUserId
users u,comments c,posts p#c.UserId=u.Id,u.Id=p.OwnerUserId
users u,postHistory ph#ph.UserId=u.Id
users u,comments c,postHistory ph#ph.UserId=u.Id,c.UserId=u.Id
votes v,comments c,users u#u.Id=v.UserId,u.Id=c.UserId
users u,comments c#u.Id=c.UserId
users u,votes v#u.Id=v.UserId
users u,comments c,votes v#u.Id=v.UserId,u.Id=c.UserId
users u,comments c,badges b#b.UserId=u.Id,c.UserId=u.Id
tags t,posts p#p.Id=t.ExcerptPostId
votes v,posts p,users u#p.OwnerUserId=u.Id,v.UserId=u.Id
votes v,posts p,tags t,users u#p.OwnerUserId=u.Id,p.Id=t.ExcerptPostId,v.UserId=u.Id
postLinks pl,posts p#pl.PostId=p.Id
postHistory ph,posts p#ph.PostId=p.Id
postHistory ph,postLinks pl,posts p#ph.PostId=p.Id,pl.PostId=p.Id
postHistory ph,posts p,postLinks pl#ph.PostId=p.Id,pl.PostId=p.Id
users u,posts p#p.OwnerUserId=u.Id
users u,posts p,postLinks pl#p.OwnerUserId=u.Id,p.Id=pl.PostId
posts p,postHistory ph#ph.PostId=p.Id
users u,postHistory ph,posts p#p.OwnerUserId=u.Id,ph.PostId=p.Id
posts p,votes v#v.PostId=p.Id
users u,votes v#v.UserId=u.Id
users u,votes v,posts p#v.UserId=u.Id,v.PostId=p.Id
posts p,votes v,users u#p.OwnerUserId=u.Id,v.UserId=u.Id
users u,votes v,posts p#p.OwnerUserId=u.Id,v.UserId=u.Id
badges b,votes v,users u#v.UserId=u.Id,b.UserId=u.Id
users u,votes v,badges b#v.UserId=u.Id,b.UserId=u.Id
posts p,comments c#c.PostId=p.Id
postLinks pl,comments c,posts p#pl.PostId=p.Id,c.PostId=p.Id
votes v,comments c,posts p#v.PostId=p.Id,c.PostId=p.Id
votes v,posts p#v.PostId=p.Id
votes v,postLinks pl,posts p#pl.PostId=p.Id,v.PostId=p.Id
votes v,comments c,postLinks pl,posts p#pl.PostId=p.Id,v.PostId=p.Id,c.PostId=p.Id
votes v,posts p,postLinks pl#pl.PostId=p.Id,v.PostId=p.Id
votes v,comments c,posts p,postLinks pl#pl.PostId=p.Id,v.PostId=p.Id,c.PostId=p.Id
postLinks pl,comments c,posts p#p.Id=pl.RelatedPostId,p.Id=c.PostId
postLinks pl,posts p#p.Id=pl.RelatedPostId
users u,comments c,posts p#p.OwnerUserId=u.Id,p.Id=c.PostId
users u,posts p,postLinks pl#p.OwnerUserId=u.Id,p.Id=pl.RelatedPostId
users u,comments c,posts p,postLinks pl#p.OwnerUserId=u.Id,p.Id=pl.RelatedPostId,p.Id=c.PostId
posts p,comments c,users u#u.Id=p.OwnerUserId,u.Id=c.UserId
votes v,posts p,users u#u.Id=v.UserId,u.Id=p.OwnerUserId
votes v,comments c,posts p,users u#u.Id=p.OwnerUserId,u.Id=v.UserId,u.Id=c.UserId
users u,comments c,posts p#u.Id=p.OwnerUserId,u.Id=c.UserId
users u,posts p,votes v#u.Id=v.UserId,u.Id=p.OwnerUserId
users u,comments c,posts p,votes v#u.Id=p.OwnerUserId,u.Id=v.UserId,u.Id=c.UserId
posts p,votes v#p.Id=v.PostId
badges b,posts p,users u#u.Id=b.UserId,u.Id=p.OwnerUserId
users u,badges b#u.Id=b.UserId
badges b,votes v,posts p,users u#p.Id=v.PostId,u.Id=b.UserId,u.Id=p.OwnerUserId
users u,votes v,posts p#p.Id=v.PostId,u.Id=p.OwnerUserId
users u,posts p,badges b#u.Id=b.UserId,u.Id=p.OwnerUserId
users u,votes v,posts p,badges b#p.Id=v.PostId,u.Id=b.UserId,u.Id=p.OwnerUserId
postHistory ph,comments c,users u#c.UserId=u.Id,ph.UserId=u.Id
votes v,postHistory ph,users u#v.UserId=u.Id,ph.UserId=u.Id
votes v,comments c,postHistory ph,users u#c.UserId=u.Id,v.UserId=u.Id,ph.UserId=u.Id
users u,comments c,postHistory ph#c.UserId=u.Id,ph.UserId=u.Id
users u,comments c,votes v#v.UserId=u.Id,c.UserId=u.Id
users u,postHistory ph,votes v#v.UserId=u.Id,ph.UserId=u.Id
users u,comments c,postHistory ph,votes v#c.UserId=u.Id,v.UserId=u.Id,ph.UserId=u.Id
badges b,comments c,users u#u.Id=b.UserId,u.Id=c.UserId
badges b,votes v,users u#u.Id=b.UserId,u.Id=v.UserId
badges b,comments c,votes v,users u#u.Id=b.UserId,u.Id=v.UserId,u.Id=c.UserId
users u,comments c,badges b#u.Id=b.UserId,u.Id=c.UserId
users u,votes v,badges b#u.Id=b.UserId,u.Id=v.UserId
users u,comments c,votes v,badges b#u.Id=b.UserId,u.Id=v.UserId,u.Id=c.UserId
postHistory ph,comments c,posts p#ph.PostId=p.Id,c.PostId=p.Id
votes v,postHistory ph,posts p#ph.PostId=p.Id,v.PostId=p.Id
postHistory ph,comments c,postLinks pl,posts p#ph.PostId=p.Id,pl.PostId=p.Id,c.PostId=p.Id
votes v,comments c,postHistory ph,posts p#ph.PostId=p.Id,v.PostId=p.Id,c.PostId=p.Id
votes v,postLinks pl,postHistory ph,posts p#ph.PostId=p.Id,pl.PostId=p.Id,v.PostId=p.Id
votes v,comments c,postLinks pl,postHistory ph,posts p#ph.PostId=p.Id,pl.PostId=p.Id,v.PostId=p.Id,c.PostId=p.Id
postHistory ph,comments c,users u#u.Id=ph.UserId,u.Id=c.UserId
badges b,postHistory ph,users u#u.Id=ph.UserId,u.Id=b.UserId
users u,postHistory ph#u.Id=ph.UserId
badges b,comments c,postHistory ph,users u#u.Id=ph.UserId,u.Id=b.UserId,u.Id=c.UserId
users u,comments c,postHistory ph#u.Id=ph.UserId,u.Id=c.UserId
users u,postHistory ph,badges b#u.Id=ph.UserId,u.Id=b.UserId
users u,comments c,postHistory ph,badges b#u.Id=ph.UserId,u.Id=b.UserId,u.Id=c.UserId
posts p,postLinks pl#p.Id=pl.RelatedPostId
badges b,users u#u.Id=b.UserId
users u,postLinks pl,posts p#p.Id=pl.RelatedPostId,u.Id=p.OwnerUserId
badges b,postLinks pl,posts p,users u#u.Id=p.OwnerUserId,u.Id=b.UserId,p.Id=pl.RelatedPostId
badges b,postLinks pl,posts p,users u#u.Id=b.UserId,p.Id=pl.RelatedPostId,u.Id=p.OwnerUserId
posts p,postHistory ph#p.Id=ph.PostId
votes v,postHistory ph,posts p#p.Id=v.PostId,p.Id=ph.PostId
votes v,posts p#p.Id=v.PostId
users u,postHistory ph,posts p#p.Id=ph.PostId,u.Id=p.OwnerUserId
users u,posts p,votes v#p.Id=v.PostId,u.Id=p.OwnerUserId
users u,postHistory ph,posts p,votes v#p.Id=v.PostId,p.Id=ph.PostId,u.Id=p.OwnerUserId
posts p,postHistory ph,users u#p.OwnerUserId=u.Id,ph.UserId=u.Id
badges b,postHistory ph,users u#b.UserId=u.Id,ph.UserId=u.Id
badges b,posts p,users u#p.OwnerUserId=u.Id,b.UserId=u.Id
badges b,users u#b.UserId=u.Id
users u,postHistory ph,posts p#p.OwnerUserId=u.Id,ph.UserId=u.Id
badges b,postHistory ph,posts p,users u#p.OwnerUserId=u.Id,b.UserId=u.Id,ph.UserId=u.Id
votes v,postHistory ph,users u#u.Id=ph.UserId,u.Id=v.UserId
users u,postHistory ph,votes v#u.Id=ph.UserId,u.Id=v.UserId
badges b,postHistory ph,votes v,users u#u.Id=ph.UserId,u.Id=b.UserId,u.Id=v.UserId
postLinks pl,comments c,posts p#p.Id=pl.PostId,p.Id=c.PostId
votes v,comments c,posts p#p.Id=v.PostId,p.Id=c.PostId
postHistory ph,postLinks pl,posts p#p.Id=pl.PostId,p.Id=ph.PostId
votes v,postLinks pl,posts p#p.Id=v.PostId,p.Id=pl.PostId
postHistory ph,comments c,postLinks pl,posts p#p.Id=pl.PostId,p.Id=ph.PostId,p.Id=c.PostId
votes v,comments c,postLinks pl,posts p#p.Id=v.PostId,p.Id=pl.PostId,p.Id=c.PostId
votes v,comments c,postHistory ph,posts p#p.Id=v.PostId,p.Id=ph.PostId,p.Id=c.PostId
postHistory ph,posts p,postLinks pl#p.Id=pl.PostId,p.Id=ph.PostId
votes v,posts p,postLinks pl#p.Id=v.PostId,p.Id=pl.PostId
votes v,posts p,postHistory ph#p.Id=v.PostId,p.Id=ph.PostId
votes v,postLinks pl,postHistory ph,posts p#p.Id=v.PostId,p.Id=pl.PostId,p.Id=ph.PostId
postHistory ph,comments c,posts p,postLinks pl#p.Id=pl.PostId,p.Id=ph.PostId,p.Id=c.PostId
votes v,comments c,posts p,postLinks pl#p.Id=v.PostId,p.Id=pl.PostId,p.Id=c.PostId
votes v,comments c,posts p,postHistory ph#p.Id=v.PostId,p.Id=ph.PostId,p.Id=c.PostId
votes v,comments c,postLinks pl,postHistory ph,posts p#p.Id=v.PostId,p.Id=pl.PostId,p.Id=ph.PostId,p.Id=c.PostId
votes v,posts p,postLinks pl,postHistory ph#p.Id=v.PostId,p.Id=pl.PostId,p.Id=ph.PostId
votes v,comments c,posts p,postLinks pl,postHistory ph#p.Id=v.PostId,p.Id=pl.PostId,p.Id=ph.PostId,p.Id=c.PostId
postHistory ph,posts p,users u#p.OwnerUserId=u.Id,ph.UserId=u.Id
postHistory ph,comments c,posts p,users u#p.OwnerUserId=u.Id,ph.UserId=u.Id,c.UserId=u.Id
votes v,comments c,posts p,users u#v.UserId=u.Id,p.OwnerUserId=u.Id,c.UserId=u.Id
users u,comments c,posts p#p.OwnerUserId=u.Id,c.UserId=u.Id
votes v,comments c,postHistory ph,users u#v.UserId=u.Id,ph.UserId=u.Id,c.UserId=u.Id
votes v,posts p,postHistory ph,users u#v.UserId=u.Id,p.OwnerUserId=u.Id,ph.UserId=u.Id
users u,posts p,postHistory ph#p.OwnerUserId=u.Id,ph.UserId=u.Id
users u,posts p,votes v#p.OwnerUserId=u.Id,v.UserId=u.Id
votes v,comments c,posts p,postHistory ph,users u#v.UserId=u.Id,p.OwnerUserId=u.Id,ph.UserId=u.Id,c.UserId=u.Id
users u,comments c,posts p,postHistory ph#p.OwnerUserId=u.Id,ph.UserId=u.Id,c.UserId=u.Id
users u,comments c,posts p,votes v#v.UserId=u.Id,p.OwnerUserId=u.Id,c.UserId=u.Id
users u,comments c,postHistory ph,votes v#v.UserId=u.Id,ph.UserId=u.Id,c.UserId=u.Id
users u,posts p,postHistory ph,votes v#v.UserId=u.Id,p.OwnerUserId=u.Id,ph.UserId=u.Id
users u,comments c,posts p,postHistory ph,votes v#v.UserId=u.Id,p.OwnerUserId=u.Id,ph.UserId=u.Id,c.UserId=u.Id
votes v,badges b,users u#v.UserId=u.Id,b.UserId=u.Id
badges b,comments c,postHistory ph,users u#c.UserId=u.Id,b.UserId=u.Id,ph.UserId=u.Id
votes v,comments c,badges b,users u#v.UserId=u.Id,b.UserId=u.Id,c.UserId=u.Id
votes v,postHistory ph,badges b,users u#v.UserId=u.Id,b.UserId=u.Id,ph.UserId=u.Id
users u,postHistory ph,badges b#b.UserId=u.Id,ph.UserId=u.Id
users u,badges b,votes v#v.UserId=u.Id,b.UserId=u.Id
votes v,comments c,postHistory ph,badges b,users u#c.UserId=u.Id,v.UserId=u.Id,b.UserId=u.Id,ph.UserId=u.Id
users u,comments c,postHistory ph,badges b#c.UserId=u.Id,b.UserId=u.Id,ph.UserId=u.Id
users u,comments c,badges b,votes v#v.UserId=u.Id,b.UserId=u.Id,c.UserId=u.Id
users u,postHistory ph,badges b,votes v#v.UserId=u.Id,b.UserId=u.Id,ph.UserId=u.Id
users u,comments c,postHistory ph,badges b,votes v#c.UserId=u.Id,v.UserId=u.Id,b.UserId=u.Id,ph.UserId=u.Id
badges b,comments c,posts p,users u#p.OwnerUserId=u.Id,b.UserId=u.Id,c.UserId=u.Id
badges b,comments c,votes v,users u#v.UserId=u.Id,b.UserId=u.Id,c.UserId=u.Id
badges b,posts p,votes v,users u#p.OwnerUserId=u.Id,b.UserId=u.Id,v.UserId=u.Id
users u,posts p,badges b#p.OwnerUserId=u.Id,b.UserId=u.Id
badges b,comments c,posts p,votes v,users u#v.UserId=u.Id,p.OwnerUserId=u.Id,b.UserId=u.Id,c.UserId=u.Id
users u,comments c,posts p,badges b#p.OwnerUserId=u.Id,b.UserId=u.Id,c.UserId=u.Id
users u,comments c,votes v,badges b#v.UserId=u.Id,b.UserId=u.Id,c.UserId=u.Id
users u,posts p,votes v,badges b#p.OwnerUserId=u.Id,b.UserId=u.Id,v.UserId=u.Id
users u,comments c,posts p,votes v,badges b#v.UserId=u.Id,p.OwnerUserId=u.Id,b.UserId=u.Id,c.UserId=u.Id
postHistory ph,posts p,users u#u.Id=ph.UserId,u.Id=p.OwnerUserId
postHistory ph,comments c,posts p,users u#u.Id=p.OwnerUserId,u.Id=ph.UserId,u.Id=c.UserId
badges b,comments c,posts p,users u#u.Id=p.OwnerUserId,u.Id=b.UserId,u.Id=c.UserId
badges b,posts p,postHistory ph,users u#u.Id=ph.UserId,u.Id=b.UserId,u.Id=p.OwnerUserId
users u,posts p,postHistory ph#u.Id=ph.UserId,u.Id=p.OwnerUserId
badges b,comments c,posts p,postHistory ph,users u#u.Id=p.OwnerUserId,u.Id=b.UserId,u.Id=ph.UserId,u.Id=c.UserId
users u,comments c,posts p,postHistory ph#u.Id=p.OwnerUserId,u.Id=ph.UserId,u.Id=c.UserId
users u,comments c,posts p,badges b#u.Id=p.OwnerUserId,u.Id=b.UserId,u.Id=c.UserId
users u,posts p,postHistory ph,badges b#u.Id=ph.UserId,u.Id=b.UserId,u.Id=p.OwnerUserId
users u,comments c,posts p,postHistory ph,badges b#u.Id=p.OwnerUserId,u.Id=b.UserId,u.Id=ph.UserId,u.Id=c.UserId
postLinks pl,comments c,posts p#p.Id=c.PostId,p.Id=pl.RelatedPostId
posts p,comments c,postLinks pl#p.Id=c.PostId,p.Id=pl.RelatedPostId
users u,comments c,posts p#p.Id=c.PostId,u.Id=p.OwnerUserId
badges b,comments c,posts p,users u#u.Id=p.OwnerUserId,u.Id=b.UserId,p.Id=c.PostId
users u,comments c,postLinks pl,posts p#p.Id=c.PostId,p.Id=pl.RelatedPostId,u.Id=p.OwnerUserId
badges b,comments c,postLinks pl,posts p,users u#p.Id=c.PostId,u.Id=p.OwnerUserId,u.Id=b.UserId,p.Id=pl.RelatedPostId
badges b,comments c,posts p,users u#p.Id=c.PostId,u.Id=b.UserId,u.Id=p.OwnerUserId
badges b,comments c,postLinks pl,posts p,users u#p.Id=c.PostId,u.Id=b.UserId,p.Id=pl.RelatedPostId,u.Id=p.OwnerUserId
posts p,tags t#p.Id=t.ExcerptPostId
postHistory ph,users u#u.Id=ph.UserId
users u,tags t,posts p#p.Id=t.ExcerptPostId,u.Id=p.OwnerUserId
postHistory ph,tags t,posts p,users u#u.Id=ph.UserId,p.Id=t.ExcerptPostId,u.Id=p.OwnerUserId
badges b,tags t,posts p,users u#u.Id=b.UserId,p.Id=t.ExcerptPostId,u.Id=p.OwnerUserId
badges b,users u,postHistory ph#u.Id=ph.UserId,u.Id=b.UserId
badges b,tags t,posts p,postHistory ph,users u#u.Id=ph.UserId,u.Id=b.UserId,p.Id=t.ExcerptPostId,u.Id=p.OwnerUserId
badges b,posts p,users u,postHistory ph#u.Id=ph.UserId,u.Id=b.UserId,u.Id=p.OwnerUserId
badges b,tags t,posts p,users u,postHistory ph#u.Id=ph.UserId,u.Id=b.UserId,p.Id=t.ExcerptPostId,u.Id=p.OwnerUserId
votes v,users u#u.Id=v.UserId
votes v,tags t,posts p,users u#u.Id=v.UserId,p.Id=t.ExcerptPostId,u.Id=p.OwnerUserId
badges b,posts p,votes v,users u#u.Id=b.UserId,u.Id=v.UserId,u.Id=p.OwnerUserId
badges b,users u,votes v#u.Id=b.UserId,u.Id=v.UserId
badges b,tags t,posts p,votes v,users u#u.Id=b.UserId,u.Id=v.UserId,p.Id=t.ExcerptPostId,u.Id=p.OwnerUserId
badges b,posts p,users u,votes v#u.Id=b.UserId,u.Id=v.UserId,u.Id=p.OwnerUserId
badges b,tags t,posts p,users u,votes v#u.Id=b.UserId,u.Id=v.UserId,p.Id=t.ExcerptPostId,u.Id=p.OwnerUserId
postHistory ph,posts p,postLinks pl,users u#u.Id=p.OwnerUserId,u.Id=ph.UserId,p.Id=pl.RelatedPostId
votes v,posts p,postLinks pl,users u#u.Id=p.OwnerUserId,u.Id=v.UserId,p.Id=pl.RelatedPostId
badges b,posts p,postLinks pl,users u#u.Id=p.OwnerUserId,u.Id=b.UserId,p.Id=pl.RelatedPostId
users u,posts p,postLinks pl#p.Id=pl.RelatedPostId,u.Id=p.OwnerUserId
votes v,posts p,postHistory ph,users u#u.Id=ph.UserId,u.Id=v.UserId,u.Id=p.OwnerUserId
votes v,posts p,postLinks pl,postHistory ph,users u#u.Id=p.OwnerUserId,u.Id=v.UserId,u.Id=ph.UserId,p.Id=pl.RelatedPostId
badges b,posts p,postLinks pl,postHistory ph,users u#u.Id=p.OwnerUserId,u.Id=b.UserId,u.Id=ph.UserId,p.Id=pl.RelatedPostId
users u,posts p,postLinks pl,postHistory ph#u.Id=ph.UserId,p.Id=pl.RelatedPostId,u.Id=p.OwnerUserId
badges b,posts p,postLinks pl,votes v,users u#u.Id=p.OwnerUserId,u.Id=b.UserId,u.Id=v.UserId,p.Id=pl.RelatedPostId
users u,posts p,postLinks pl,votes v#p.Id=pl.RelatedPostId,u.Id=v.UserId,u.Id=p.OwnerUserId
users u,posts p,postLinks pl,badges b#u.Id=b.UserId,p.Id=pl.RelatedPostId,u.Id=p.OwnerUserId
badges b,posts p,postHistory ph,votes v,users u#u.Id=ph.UserId,u.Id=b.UserId,u.Id=v.UserId,u.Id=p.OwnerUserId
users u,posts p,postHistory ph,votes v#u.Id=ph.UserId,u.Id=v.UserId,u.Id=p.OwnerUserId
users u,posts p,votes v,badges b#u.Id=b.UserId,u.Id=v.UserId,u.Id=p.OwnerUserId
users u,postHistory ph,votes v,badges b#u.Id=ph.UserId,u.Id=b.UserId,u.Id=v.UserId
badges b,posts p,postLinks pl,postHistory ph,votes v,users u#u.Id=ph.UserId,u.Id=p.OwnerUserId,u.Id=b.UserId,u.Id=v.UserId,p.Id=pl.RelatedPostId
users u,posts p,postLinks pl,postHistory ph,votes v#u.Id=ph.UserId,p.Id=pl.RelatedPostId,u.Id=v.UserId,u.Id=p.OwnerUserId
users u,posts p,postLinks pl,postHistory ph,badges b#u.Id=ph.UserId,u.Id=b.UserId,p.Id=pl.RelatedPostId,u.Id=p.OwnerUserId
users u,posts p,postLinks pl,votes v,badges b#u.Id=b.UserId,u.Id=v.UserId,p.Id=pl.RelatedPostId,u.Id=p.OwnerUserId
users u,posts p,postHistory ph,votes v,badges b#u.Id=ph.UserId,u.Id=b.UserId,u.Id=v.UserId,u.Id=p.OwnerUserId
users u,posts p,postLinks pl,postHistory ph,votes v,badges b#u.Id=ph.UserId,u.Id=p.OwnerUserId,u.Id=b.UserId,u.Id=v.UserId,p.Id=pl.RelatedPostId
votes v,postLinks pl,posts p#p.Id=v.PostId,p.Id=pl.RelatedPostId
votes v,comments c,postLinks pl,posts p#p.Id=v.PostId,p.Id=pl.RelatedPostId,p.Id=c.PostId
votes v,posts p,postLinks pl#p.Id=v.PostId,p.Id=pl.RelatedPostId
badges b,posts p,votes v,users u#p.Id=v.PostId,u.Id=b.UserId,u.Id=p.OwnerUserId
votes v,comments c,posts p,postLinks pl#p.Id=v.PostId,p.Id=pl.RelatedPostId,p.Id=c.PostId
badges b,comments c,posts p,postLinks pl,users u#u.Id=p.OwnerUserId,p.Id=pl.RelatedPostId,u.Id=b.UserId,p.Id=c.PostId
users u,comments c,posts p,postLinks pl#p.Id=c.PostId,p.Id=pl.RelatedPostId,u.Id=p.OwnerUserId
badges b,comments c,posts p,votes v,users u#p.Id=v.PostId,u.Id=p.OwnerUserId,u.Id=b.UserId,p.Id=c.PostId
users u,comments c,posts p,votes v#p.Id=c.PostId,p.Id=v.PostId,u.Id=p.OwnerUserId
users u,comments c,posts p,badges b#p.Id=c.PostId,u.Id=b.UserId,u.Id=p.OwnerUserId
badges b,posts p,postLinks pl,votes v,users u#p.Id=v.PostId,u.Id=p.OwnerUserId,u.Id=b.UserId,p.Id=pl.RelatedPostId
users u,posts p,postLinks pl,votes v#p.Id=v.PostId,p.Id=pl.RelatedPostId,u.Id=p.OwnerUserId
users u,posts p,votes v,badges b#p.Id=v.PostId,u.Id=b.UserId,u.Id=p.OwnerUserId
badges b,comments c,posts p,postLinks pl,votes v,users u#p.Id=v.PostId,u.Id=p.OwnerUserId,p.Id=c.PostId,u.Id=b.UserId,p.Id=pl.RelatedPostId
users u,comments c,posts p,postLinks pl,votes v#p.Id=c.PostId,p.Id=pl.RelatedPostId,p.Id=v.PostId,u.Id=p.OwnerUserId
users u,comments c,posts p,postLinks pl,badges b#p.Id=c.PostId,u.Id=b.UserId,p.Id=pl.RelatedPostId,u.Id=p.OwnerUserId
users u,comments c,posts p,votes v,badges b#p.Id=c.PostId,u.Id=b.UserId,p.Id=v.PostId,u.Id=p.OwnerUserId
users u,posts p,postLinks pl,votes v,badges b#p.Id=v.PostId,u.Id=b.UserId,p.Id=pl.RelatedPostId,u.Id=p.OwnerUserId
users u,comments c,posts p,postLinks pl,votes v,badges b#p.Id=v.PostId,p.Id=pl.RelatedPostId,u.Id=p.OwnerUserId,u.Id=b.UserId,p.Id=c.PostId
votes v,comments c,posts p,users u#u.Id=c.UserId,u.Id=v.UserId,p.Id=c.PostId
users u,comments c,posts p#p.Id=c.PostId,u.Id=c.UserId
votes v,comments c,postLinks pl,users u,posts p#p.Id=c.PostId,p.Id=pl.PostId,u.Id=v.UserId,u.Id=c.UserId
users u,comments c,postLinks pl,posts p#p.Id=c.PostId,p.Id=pl.PostId,u.Id=c.UserId
votes v,comments c,postHistory ph,users u,posts p#p.Id=c.PostId,u.Id=v.UserId,p.Id=ph.PostId,u.Id=c.UserId
users u,comments c,postHistory ph,posts p#p.Id=c.PostId,p.Id=ph.PostId,u.Id=c.UserId
votes v,comments c,posts p,postLinks pl,users u#u.Id=c.UserId,p.Id=pl.PostId,u.Id=v.UserId,p.Id=c.PostId
users u,comments c,posts p,postLinks pl#p.Id=c.PostId,p.Id=pl.PostId,u.Id=c.UserId
votes v,comments c,posts p,postHistory ph,users u#u.Id=c.UserId,u.Id=v.UserId,p.Id=ph.PostId,p.Id=c.PostId
users u,comments c,posts p,postHistory ph#p.Id=c.PostId,p.Id=ph.PostId,u.Id=c.UserId
users u,comments c,posts p,votes v#p.Id=c.PostId,u.Id=v.UserId,u.Id=c.UserId
votes v,comments c,postLinks pl,postHistory ph,users u,posts p#p.Id=ph.PostId,u.Id=c.UserId,p.Id=pl.PostId,u.Id=v.UserId,p.Id=c.PostId
users u,comments c,postLinks pl,postHistory ph,posts p#p.Id=c.PostId,p.Id=pl.PostId,p.Id=ph.PostId,u.Id=c.UserId
users u,comments c,postLinks pl,votes v,posts p#p.Id=c.PostId,p.Id=pl.PostId,u.Id=v.UserId,u.Id=c.UserId
users u,comments c,postHistory ph,votes v,posts p#p.Id=c.PostId,u.Id=v.UserId,p.Id=ph.PostId,u.Id=c.UserId
votes v,comments c,posts p,postLinks pl,postHistory ph,users u#p.Id=ph.PostId,u.Id=c.UserId,p.Id=pl.PostId,u.Id=v.UserId,p.Id=c.PostId
users u,comments c,posts p,postLinks pl,postHistory ph#p.Id=c.PostId,p.Id=pl.PostId,p.Id=ph.PostId,u.Id=c.UserId
users u,comments c,posts p,postLinks pl,votes v#p.Id=c.PostId,p.Id=pl.PostId,u.Id=v.UserId,u.Id=c.UserId
users u,comments c,posts p,postHistory ph,votes v#p.Id=c.PostId,u.Id=v.UserId,p.Id=ph.PostId,u.Id=c.UserId
users u,comments c,postLinks pl,postHistory ph,votes v,posts p#p.Id=ph.PostId,u.Id=c.UserId,p.Id=pl.PostId,u.Id=v.UserId,p.Id=c.PostId
users u,comments c,posts p,postLinks pl,postHistory ph,votes v#p.Id=ph.PostId,u.Id=c.UserId,p.Id=pl.PostId,u.Id=v.UserId,p.Id=c.PostId
postHistory ph,postLinks pl,posts p#p.Id=ph.PostId,p.Id=pl.RelatedPostId
badges b,comments c,posts p,users u#c.UserId=u.Id,b.UserId=u.Id,p.Id=c.PostId
postHistory ph,comments c,postLinks pl,posts p#p.Id=pl.RelatedPostId,p.Id=ph.PostId,p.Id=c.PostId
badges b,comments c,postLinks pl,users u,posts p#p.Id=c.PostId,p.Id=pl.RelatedPostId,b.UserId=u.Id,c.UserId=u.Id
badges b,comments c,postHistory ph,users u,posts p#p.Id=c.PostId,b.UserId=u.Id,p.Id=ph.PostId,c.UserId=u.Id
badges b,comments c,votes v,users u,posts p#p.Id=v.PostId,p.Id=c.PostId,b.UserId=u.Id,c.UserId=u.Id
postHistory ph,posts p,postLinks pl#p.Id=ph.PostId,p.Id=pl.RelatedPostId
votes v,postLinks pl,postHistory ph,posts p#p.Id=v.PostId,p.Id=ph.PostId,p.Id=pl.RelatedPostId
postHistory ph,comments c,posts p,postLinks pl#p.Id=pl.RelatedPostId,p.Id=ph.PostId,p.Id=c.PostId
badges b,comments c,posts p,postLinks pl,users u#c.UserId=u.Id,p.Id=pl.RelatedPostId,b.UserId=u.Id,p.Id=c.PostId
badges b,comments c,posts p,postHistory ph,users u#c.UserId=u.Id,b.UserId=u.Id,p.Id=ph.PostId,p.Id=c.PostId
badges b,comments c,posts p,votes v,users u#p.Id=v.PostId,c.UserId=u.Id,b.UserId=u.Id,p.Id=c.PostId
votes v,comments c,postLinks pl,postHistory ph,posts p#p.Id=v.PostId,p.Id=pl.RelatedPostId,p.Id=ph.PostId,p.Id=c.PostId
badges b,comments c,postLinks pl,postHistory ph,users u,posts p#b.UserId=u.Id,p.Id=ph.PostId,c.UserId=u.Id,p.Id=pl.RelatedPostId,p.Id=c.PostId
badges b,comments c,postLinks pl,votes v,users u,posts p#p.Id=v.PostId,b.UserId=u.Id,c.UserId=u.Id,p.Id=pl.RelatedPostId,p.Id=c.PostId
badges b,comments c,postHistory ph,votes v,users u,posts p#p.Id=v.PostId,b.UserId=u.Id,p.Id=ph.PostId,c.UserId=u.Id,p.Id=c.PostId
votes v,posts p,postLinks pl,postHistory ph#p.Id=v.PostId,p.Id=ph.PostId,p.Id=pl.RelatedPostId
votes v,comments c,posts p,postLinks pl,postHistory ph#p.Id=v.PostId,p.Id=pl.RelatedPostId,p.Id=ph.PostId,p.Id=c.PostId
badges b,comments c,posts p,postLinks pl,postHistory ph,users u#b.UserId=u.Id,p.Id=ph.PostId,p.Id=pl.RelatedPostId,p.Id=c.PostId,c.UserId=u.Id
badges b,comments c,posts p,postLinks pl,votes v,users u#p.Id=v.PostId,b.UserId=u.Id,c.UserId=u.Id,p.Id=c.PostId,p.Id=pl.RelatedPostId
badges b,comments c,posts p,postHistory ph,votes v,users u#p.Id=v.PostId,b.UserId=u.Id,p.Id=ph.PostId,p.Id=c.PostId,c.UserId=u.Id
badges b,comments c,postLinks pl,postHistory ph,votes v,users u,posts p#p.Id=v.PostId,b.UserId=u.Id,p.Id=ph.PostId,c.UserId=u.Id,p.Id=c.PostId,p.Id=pl.RelatedPostId
badges b,comments c,posts p,postLinks pl,postHistory ph,votes v,users u#p.Id=v.PostId,b.UserId=u.Id,p.Id=ph.PostId,c.UserId=u.Id,p.Id=c.PostId,p.Id=pl.RelatedPostId
badges b,posts p,postHistory ph,users u#u.Id=b.UserId,p.Id=ph.PostId,u.Id=p.OwnerUserId
users u,posts p,postHistory ph#p.Id=ph.PostId,u.Id=p.OwnerUserId
badges b,comments c,posts p,postHistory ph,users u#u.Id=p.OwnerUserId,u.Id=b.UserId,p.Id=ph.PostId,p.Id=c.PostId
users u,comments c,posts p,postHistory ph#p.Id=c.PostId,p.Id=ph.PostId,u.Id=p.OwnerUserId
badges b,posts p,postHistory ph,votes v,users u#p.Id=v.PostId,u.Id=b.UserId,p.Id=ph.PostId,u.Id=p.OwnerUserId
users u,posts p,postHistory ph,votes v#p.Id=v.PostId,p.Id=ph.PostId,u.Id=p.OwnerUserId
users u,posts p,postHistory ph,badges b#u.Id=b.UserId,p.Id=ph.PostId,u.Id=p.OwnerUserId
badges b,comments c,posts p,postHistory ph,votes v,users u#p.Id=v.PostId,p.Id=ph.PostId,u.Id=p.OwnerUserId,u.Id=b.UserId,p.Id=c.PostId
users u,comments c,posts p,postHistory ph,votes v#p.Id=c.PostId,p.Id=v.PostId,p.Id=ph.PostId,u.Id=p.OwnerUserId
users u,comments c,posts p,postHistory ph,badges b#p.Id=c.PostId,u.Id=b.UserId,p.Id=ph.PostId,u.Id=p.OwnerUserId
users u,posts p,postHistory ph,votes v,badges b#p.Id=v.PostId,u.Id=b.UserId,p.Id=ph.PostId,u.Id=p.OwnerUserId
users u,comments c,posts p,postHistory ph,votes v,badges b#p.Id=v.PostId,p.Id=ph.PostId,u.Id=p.OwnerUserId,u.Id=b.UserId,p.Id=c.PostId
users u,comments c,votes v,posts p#v.PostId=p.Id,c.PostId=p.Id,u.Id=c.UserId
posts p,comments c,votes v#v.PostId=p.Id,c.PostId=p.Id
posts p,comments c,users u#c.PostId=p.Id,u.Id=c.UserId
posts p,comments c,votes v,users u#v.PostId=p.Id,c.PostId=p.Id,u.Id=c.UserId
votes v,comments c,postHistory ph,posts p#v.PostId=p.Id,ph.PostId=p.Id,c.PostId=p.Id
posts p,comments c,postHistory ph#ph.PostId=p.Id,c.PostId=p.Id
posts p,postHistory ph,votes v#ph.PostId=p.Id,v.PostId=p.Id
posts p,comments c,postHistory ph,votes v#v.PostId=p.Id,ph.PostId=p.Id,c.PostId=p.Id
posts p,comments c,users u#u.Id=c.UserId,u.Id=p.OwnerUserId
votes v,comments c,posts p,users u#u.Id=c.UserId,u.Id=v.UserId,u.Id=p.OwnerUserId
users u,comments c,posts p#u.Id=c.UserId,u.Id=p.OwnerUserId
users u,comments c,posts p,votes v#u.Id=c.UserId,u.Id=v.UserId,u.Id=p.OwnerUserId
users u,comments c,posts p,votes v#p.Id=v.PostId,p.Id=c.PostId,u.Id=p.OwnerUserId
votes v,comments c,postHistory ph,users u#v.UserId=u.Id,c.UserId=u.Id,ph.UserId=u.Id
users u,comments c,postHistory ph,votes v#v.UserId=u.Id,c.UserId=u.Id,ph.UserId=u.Id
postHistory ph,postLinks pl,posts p#pl.PostId=p.Id,ph.PostId=p.Id
posts p,postLinks pl#pl.PostId=p.Id
postHistory ph,comments c,postLinks pl,posts p#pl.PostId=p.Id,ph.PostId=p.Id,c.PostId=p.Id
votes v,comments c,postLinks pl,posts p#v.PostId=p.Id,pl.PostId=p.Id,c.PostId=p.Id
posts p,comments c,postLinks pl#pl.PostId=p.Id,c.PostId=p.Id
votes v,postLinks pl,postHistory ph,posts p#pl.PostId=p.Id,ph.PostId=p.Id,v.PostId=p.Id
posts p,postLinks pl,postHistory ph#pl.PostId=p.Id,ph.PostId=p.Id
posts p,postLinks pl,votes v#pl.PostId=p.Id,v.PostId=p.Id
votes v,comments c,postLinks pl,postHistory ph,posts p#v.PostId=p.Id,pl.PostId=p.Id,ph.PostId=p.Id,c.PostId=p.Id
posts p,comments c,postLinks pl,postHistory ph#pl.PostId=p.Id,ph.PostId=p.Id,c.PostId=p.Id
posts p,comments c,postLinks pl,votes v#v.PostId=p.Id,pl.PostId=p.Id,c.PostId=p.Id
posts p,postLinks pl,postHistory ph,votes v#pl.PostId=p.Id,ph.PostId=p.Id,v.PostId=p.Id
posts p,comments c,postLinks pl,postHistory ph,votes v#v.PostId=p.Id,pl.PostId=p.Id,ph.PostId=p.Id,c.PostId=p.Id
badges b,posts p,users u#b.UserId=u.Id,p.OwnerUserId=u.Id
badges b,postHistory ph,posts p,users u#b.UserId=u.Id,p.OwnerUserId=u.Id,ph.UserId=u.Id
postLinks pl,comments c,posts p#c.PostId=p.Id,pl.RelatedPostId=p.Id
postLinks pl,posts p#pl.RelatedPostId=p.Id
postHistory ph,postLinks pl,posts p#ph.PostId=p.Id,pl.RelatedPostId=p.Id
users u,comments c,posts p#c.PostId=p.Id,u.Id=c.UserId
postHistory ph,comments c,postLinks pl,posts p#c.PostId=p.Id,ph.PostId=p.Id,pl.RelatedPostId=p.Id
users u,comments c,postLinks pl,posts p#c.PostId=p.Id,pl.RelatedPostId=p.Id,u.Id=c.UserId
users u,comments c,postHistory ph,posts p#ph.PostId=p.Id,c.PostId=p.Id,u.Id=c.UserId
postHistory ph,posts p,postLinks pl#ph.PostId=p.Id,pl.RelatedPostId=p.Id
postHistory ph,comments c,posts p,postLinks pl#c.PostId=p.Id,ph.PostId=p.Id,pl.RelatedPostId=p.Id
users u,comments c,posts p,postLinks pl#c.PostId=p.Id,pl.RelatedPostId=p.Id,u.Id=c.UserId
users u,comments c,posts p,postHistory ph#ph.PostId=p.Id,c.PostId=p.Id,u.Id=c.UserId
users u,comments c,postLinks pl,postHistory ph,posts p#c.PostId=p.Id,ph.PostId=p.Id,pl.RelatedPostId=p.Id,u.Id=c.UserId
users u,comments c,posts p,postLinks pl,postHistory ph#c.PostId=p.Id,ph.PostId=p.Id,pl.RelatedPostId=p.Id,u.Id=c.UserId
postHistory ph,comments c,posts p,users u#p.OwnerUserId=u.Id,c.UserId=u.Id,ph.UserId=u.Id
votes v,comments c,posts p,users u#p.OwnerUserId=u.Id,v.UserId=u.Id,c.UserId=u.Id
votes v,posts p,postHistory ph,users u#p.OwnerUserId=u.Id,v.UserId=u.Id,ph.UserId=u.Id
votes v,comments c,posts p,postHistory ph,users u#p.OwnerUserId=u.Id,v.UserId=u.Id,c.UserId=u.Id,ph.UserId=u.Id
users u,comments c,posts p,postHistory ph#p.OwnerUserId=u.Id,c.UserId=u.Id,ph.UserId=u.Id
users u,comments c,posts p,votes v#p.OwnerUserId=u.Id,v.UserId=u.Id,c.UserId=u.Id
users u,posts p,postHistory ph,votes v#p.OwnerUserId=u.Id,v.UserId=u.Id,ph.UserId=u.Id
users u,comments c,posts p,postHistory ph,votes v#p.OwnerUserId=u.Id,v.UserId=u.Id,c.UserId=u.Id,ph.UserId=u.Id
votes v,badges b,users u#b.UserId=u.Id,v.UserId=u.Id
badges b,comments c,postHistory ph,users u#b.UserId=u.Id,c.UserId=u.Id,ph.UserId=u.Id
votes v,comments c,badges b,users u#b.UserId=u.Id,v.UserId=u.Id,c.UserId=u.Id
votes v,postHistory ph,badges b,users u#b.UserId=u.Id,v.UserId=u.Id,ph.UserId=u.Id
users u,badges b,votes v#b.UserId=u.Id,v.UserId=u.Id
votes v,comments c,postHistory ph,badges b,users u#b.UserId=u.Id,v.UserId=u.Id,c.UserId=u.Id,ph.UserId=u.Id
users u,comments c,postHistory ph,badges b#b.UserId=u.Id,c.UserId=u.Id,ph.UserId=u.Id
users u,comments c,badges b,votes v#b.UserId=u.Id,v.UserId=u.Id,c.UserId=u.Id
users u,postHistory ph,badges b,votes v#b.UserId=u.Id,v.UserId=u.Id,ph.UserId=u.Id
users u,comments c,postHistory ph,badges b,votes v#b.UserId=u.Id,v.UserId=u.Id,c.UserId=u.Id,ph.UserId=u.Id
postHistory ph,comments c,posts p,users u#u.Id=c.UserId,u.Id=ph.UserId,u.Id=p.OwnerUserId
badges b,comments c,posts p,users u#u.Id=c.UserId,u.Id=b.UserId,u.Id=p.OwnerUserId
badges b,comments c,posts p,postHistory ph,users u#u.Id=c.UserId,u.Id=ph.UserId,u.Id=b.UserId,u.Id=p.OwnerUserId
users u,comments c,posts p,postHistory ph#u.Id=c.UserId,u.Id=ph.UserId,u.Id=p.OwnerUserId
users u,comments c,posts p,badges b#u.Id=c.UserId,u.Id=b.UserId,u.Id=p.OwnerUserId
users u,comments c,posts p,postHistory ph,badges b#u.Id=c.UserId,u.Id=ph.UserId,u.Id=b.UserId,u.Id=p.OwnerUserId
posts p,comments c,postLinks pl#p.Id=pl.RelatedPostId,p.Id=c.PostId
badges b,comments c,postLinks pl,posts p,users u#u.Id=p.OwnerUserId,p.Id=pl.RelatedPostId,u.Id=b.UserId,p.Id=c.PostId
votes v,comments c,postLinks pl,posts p#p.Id=v.PostId,p.Id=c.PostId,p.Id=pl.RelatedPostId
votes v,comments c,posts p,postLinks pl#p.Id=v.PostId,p.Id=c.PostId,p.Id=pl.RelatedPostId
badges b,comments c,posts p,postLinks pl,users u#p.Id=c.PostId,u.Id=p.OwnerUserId,u.Id=b.UserId,p.Id=pl.RelatedPostId
badges b,comments c,posts p,postLinks pl,votes v,users u#p.Id=v.PostId,p.Id=pl.RelatedPostId,u.Id=p.OwnerUserId,u.Id=b.UserId,p.Id=c.PostId
users u,comments c,posts p,postLinks pl,votes v#p.Id=v.PostId,p.Id=c.PostId,p.Id=pl.RelatedPostId,u.Id=p.OwnerUserId
users u,comments c,posts p,votes v,badges b#p.Id=v.PostId,p.Id=c.PostId,u.Id=b.UserId,u.Id=p.OwnerUserId
badges b,comments c,posts p,users u#b.UserId=u.Id,c.UserId=u.Id,p.Id=c.PostId
users u,comments c,posts p#c.UserId=u.Id,p.Id=c.PostId
postHistory ph,comments c,postLinks pl,posts p#p.Id=c.PostId,p.Id=ph.PostId,p.Id=pl.RelatedPostId
badges b,comments c,postLinks pl,users u,posts p#b.UserId=u.Id,p.Id=c.PostId,c.UserId=u.Id,p.Id=pl.RelatedPostId
users u,comments c,postLinks pl,posts p#p.Id=c.PostId,c.UserId=u.Id,p.Id=pl.RelatedPostId
badges b,comments c,postHistory ph,users u,posts p#b.UserId=u.Id,c.UserId=u.Id,p.Id=ph.PostId,p.Id=c.PostId
users u,comments c,postHistory ph,posts p#c.UserId=u.Id,p.Id=ph.PostId,p.Id=c.PostId
badges b,comments c,votes v,users u,posts p#b.UserId=u.Id,c.UserId=u.Id,p.Id=v.PostId,p.Id=c.PostId
users u,comments c,votes v,posts p#p.Id=v.PostId,c.UserId=u.Id,p.Id=c.PostId
postHistory ph,comments c,posts p,postLinks pl#p.Id=c.PostId,p.Id=ph.PostId,p.Id=pl.RelatedPostId
badges b,comments c,posts p,postLinks pl,users u#p.Id=c.PostId,c.UserId=u.Id,b.UserId=u.Id,p.Id=pl.RelatedPostId
users u,comments c,posts p,postLinks pl#p.Id=c.PostId,c.UserId=u.Id,p.Id=pl.RelatedPostId
badges b,comments c,posts p,postHistory ph,users u#b.UserId=u.Id,c.UserId=u.Id,p.Id=ph.PostId,p.Id=c.PostId
users u,comments c,posts p,postHistory ph#c.UserId=u.Id,p.Id=ph.PostId,p.Id=c.PostId
users u,comments c,posts p,votes v#p.Id=v.PostId,c.UserId=u.Id,p.Id=c.PostId
users u,comments c,posts p,badges b#b.UserId=u.Id,c.UserId=u.Id,p.Id=c.PostId
votes v,comments c,postLinks pl,postHistory ph,posts p#p.Id=v.PostId,p.Id=c.PostId,p.Id=ph.PostId,p.Id=pl.RelatedPostId
badges b,comments c,postLinks pl,postHistory ph,users u,posts p#p.Id=ph.PostId,p.Id=pl.RelatedPostId,b.UserId=u.Id,c.UserId=u.Id,p.Id=c.PostId
users u,comments c,postLinks pl,postHistory ph,posts p#p.Id=c.PostId,c.UserId=u.Id,p.Id=ph.PostId,p.Id=pl.RelatedPostId
badges b,comments c,postLinks pl,votes v,users u,posts p#p.Id=v.PostId,p.Id=pl.RelatedPostId,b.UserId=u.Id,c.UserId=u.Id,p.Id=c.PostId
users u,comments c,postLinks pl,votes v,posts p#p.Id=v.PostId,p.Id=c.PostId,c.UserId=u.Id,p.Id=pl.RelatedPostId
users u,comments c,postLinks pl,badges b,posts p#b.UserId=u.Id,p.Id=c.PostId,c.UserId=u.Id,p.Id=pl.RelatedPostId
badges b,comments c,postHistory ph,votes v,users u,posts p#p.Id=v.PostId,p.Id=ph.PostId,b.UserId=u.Id,c.UserId=u.Id,p.Id=c.PostId
users u,comments c,postHistory ph,votes v,posts p#p.Id=v.PostId,c.UserId=u.Id,p.Id=ph.PostId,p.Id=c.PostId
users u,comments c,postHistory ph,badges b,posts p#b.UserId=u.Id,c.UserId=u.Id,p.Id=ph.PostId,p.Id=c.PostId
users u,comments c,votes v,badges b,posts p#b.UserId=u.Id,c.UserId=u.Id,p.Id=v.PostId,p.Id=c.PostId
votes v,comments c,posts p,postLinks pl,postHistory ph#p.Id=v.PostId,p.Id=c.PostId,p.Id=ph.PostId,p.Id=pl.RelatedPostId
badges b,comments c,posts p,postLinks pl,postHistory ph,users u#p.Id=ph.PostId,p.Id=pl.RelatedPostId,b.UserId=u.Id,c.UserId=u.Id,p.Id=c.PostId
users u,comments c,posts p,postLinks pl,postHistory ph#p.Id=c.PostId,c.UserId=u.Id,p.Id=ph.PostId,p.Id=pl.RelatedPostId
badges b,comments c,posts p,postLinks pl,votes v,users u#p.Id=v.PostId,p.Id=pl.RelatedPostId,b.UserId=u.Id,c.UserId=u.Id,p.Id=c.PostId
users u,comments c,posts p,postLinks pl,votes v#p.Id=v.PostId,p.Id=c.PostId,c.UserId=u.Id,p.Id=pl.RelatedPostId
users u,comments c,posts p,postLinks pl,badges b#b.UserId=u.Id,p.Id=c.PostId,c.UserId=u.Id,p.Id=pl.RelatedPostId
badges b,comments c,posts p,postHistory ph,votes v,users u#p.Id=v.PostId,p.Id=ph.PostId,b.UserId=u.Id,c.UserId=u.Id,p.Id=c.PostId
users u,comments c,posts p,postHistory ph,votes v#p.Id=v.PostId,c.UserId=u.Id,p.Id=ph.PostId,p.Id=c.PostId
users u,comments c,posts p,postHistory ph,badges b#b.UserId=u.Id,c.UserId=u.Id,p.Id=ph.PostId,p.Id=c.PostId
users u,comments c,posts p,votes v,badges b#b.UserId=u.Id,c.UserId=u.Id,p.Id=v.PostId,p.Id=c.PostId
badges b,comments c,postLinks pl,postHistory ph,votes v,users u,posts p#p.Id=v.PostId,p.Id=ph.PostId,b.UserId=u.Id,c.UserId=u.Id,p.Id=c.PostId,p.Id=pl.RelatedPostId
users u,comments c,postLinks pl,postHistory ph,votes v,posts p#p.Id=v.PostId,p.Id=ph.PostId,p.Id=pl.RelatedPostId,c.UserId=u.Id,p.Id=c.PostId
users u,comments c,postLinks pl,postHistory ph,badges b,posts p#p.Id=ph.PostId,p.Id=pl.RelatedPostId,b.UserId=u.Id,c.UserId=u.Id,p.Id=c.PostId
users u,comments c,postLinks pl,votes v,badges b,posts p#p.Id=v.PostId,p.Id=pl.RelatedPostId,b.UserId=u.Id,c.UserId=u.Id,p.Id=c.PostId
users u,comments c,postHistory ph,votes v,badges b,posts p#p.Id=v.PostId,p.Id=ph.PostId,b.UserId=u.Id,c.UserId=u.Id,p.Id=c.PostId
badges b,comments c,posts p,postLinks pl,postHistory ph,votes v,users u#p.Id=v.PostId,p.Id=ph.PostId,p.Id=pl.RelatedPostId,b.UserId=u.Id,c.UserId=u.Id,p.Id=c.PostId
users u,comments c,posts p,postLinks pl,postHistory ph,votes v#p.Id=v.PostId,p.Id=ph.PostId,p.Id=pl.RelatedPostId,c.UserId=u.Id,p.Id=c.PostId
users u,comments c,posts p,postLinks pl,postHistory ph,badges b#p.Id=ph.PostId,p.Id=pl.RelatedPostId,b.UserId=u.Id,c.UserId=u.Id,p.Id=c.PostId
users u,comments c,posts p,postLinks pl,votes v,badges b#p.Id=v.PostId,p.Id=pl.RelatedPostId,b.UserId=u.Id,c.UserId=u.Id,p.Id=c.PostId
users u,comments c,posts p,postHistory ph,votes v,badges b#p.Id=v.PostId,p.Id=ph.PostId,b.UserId=u.Id,c.UserId=u.Id,p.Id=c.PostId
users u,comments c,postLinks pl,postHistory ph,votes v,badges b,posts p#p.Id=v.PostId,p.Id=ph.PostId,b.UserId=u.Id,c.UserId=u.Id,p.Id=c.PostId,p.Id=pl.RelatedPostId
users u,comments c,posts p,postLinks pl,postHistory ph,votes v,badges b#p.Id=v.PostId,p.Id=ph.PostId,p.Id=pl.RelatedPostId,b.UserId=u.Id,c.UserId=u.Id,p.Id=c.PostId
users u,comments c,posts p,postHistory ph,votes v#p.Id=v.PostId,p.Id=c.PostId,p.Id=ph.PostId,u.Id=p.OwnerUserId
